{"nodes":{"node:1":{"location":{"x":-252,"y":220}},"node:10":{"location":{"x":-238,"y":504}},"node:16":{"location":{"x":71,"y":80}},"node:20":{"location":{"x":104,"y":316}},"node:27":{"location":{"x":1028,"y":329}},"node:30":{"location":{"x":1204,"y":458}},"node:32":{"location":{"x":868,"y":538}},"node:34":{"group_size":{"x":384,"y":154},"location":{"x":112,"y":576}},"node:35":{"group_size":{"x":640,"y":400},"location":{"x":800,"y":224}},"node:36":{"location":{"x":366,"y":652}},"node:40":{"location":{"x":144,"y":652}},"node:44":{"location":{"x":-348,"y":698}},"node:46":{"location":{"x":-69,"y":652}},"node:5":{"location":{"x":-300,"y":351}},"node:50":{"location":{"x":500,"y":-70}},"node:53":{"location":{"x":500,"y":42}},"node:60":{"location":{"x":512,"y":256}}},"selection":["node:20"],"view":{"scroll":{"x":137.113250732421875,"y":-64.9722824096679688},"visible_rect":{"max":{"x":1344.1512451171875,"y":932.03704833984375},"min":{"x":182.81768798828125,"y":-86.6297225952148438}},"zoom":0.749999880790710449}}