{"nodes":{"node:1":{"location":{"x":-252,"y":220}},"node:10":{"location":{"x":-238,"y":504}},"node:16":{"location":{"x":71,"y":80}},"node:20":{"location":{"x":168,"y":316}},"node:27":{"location":{"x":1028,"y":329}},"node:30":{"location":{"x":1204,"y":458}},"node:34":{"group_size":{"x":384,"y":154},"location":{"x":112,"y":576}},"node:35":{"group_size":{"x":640,"y":400},"location":{"x":800,"y":224}},"node:36":{"location":{"x":366,"y":652}},"node:40":{"location":{"x":144,"y":652}},"node:44":{"location":{"x":-348,"y":698}},"node:46":{"location":{"x":-69,"y":652}},"node:5":{"location":{"x":-300,"y":351}},"node:50":{"location":{"x":500,"y":-70}},"node:53":{"location":{"x":500,"y":42}},"node:64":{"location":{"x":1439,"y":575}},"node:68":{"location":{"x":621,"y":899}},"node:72":{"location":{"x":654,"y":855}},"node:79":{"location":{"x":723,"y":797}},"node:85":{"location":{"x":522,"y":614}},"node:89":{"location":{"x":534,"y":695}},"node:93":{"location":{"x":590,"y":1244}}},"selection":null,"view":{"scroll":{"x":-366.347076416015625,"y":-100.439834594726562},"visible_rect":{"max":{"x":825.69598388671875,"y":1133.0443115234375},"min":{"x":-691.1671142578125,"y":-189.494384765625}},"zoom":0.530041217803955078}}