{"nodes":{"node:1":{"location":{"x":-252,"y":220}},"node:10":{"location":{"x":-238,"y":504}},"node:16":{"location":{"x":71,"y":80}},"node:20":{"location":{"x":168,"y":316}},"node:27":{"location":{"x":1028,"y":329}},"node:30":{"location":{"x":1204,"y":458}},"node:32":{"location":{"x":868,"y":538}},"node:34":{"group_size":{"x":384,"y":154},"location":{"x":112,"y":576}},"node:35":{"group_size":{"x":640,"y":400},"location":{"x":800,"y":224}},"node:36":{"location":{"x":366,"y":652}},"node:40":{"location":{"x":144,"y":652}},"node:44":{"location":{"x":-348,"y":698}},"node:46":{"location":{"x":-69,"y":652}},"node:5":{"location":{"x":-300,"y":351}},"node:50":{"location":{"x":500,"y":-70}},"node:53":{"location":{"x":500,"y":42}}},"selection":["node:32"],"view":{"scroll":{"x":-417.02642822265625,"y":-150.484375},"visible_rect":{"max":{"x":692.11407470703125,"y":947.87225341796875},"min":{"x":-718.03192138671875,"y":-259.10247802734375}},"zoom":0.580790936946868896}}