{"nodes":{"node:1":{"location":{"x":21,"y":62}}},"selection":null,"view":{"scroll":{"x":-238.592391967773438,"y":-80.791290283203125},"visible_rect":{"max":{"x":352.32611083984375,"y":273.766998291015625},"min":{"x":-190.873931884765625,"y":-64.6330413818359375}},"zoom":1.24999988079071045}}