{"nodes":{"node:1":{"location":{"x":21,"y":62}}},"selection":["node:1"],"view":{"scroll":{"x":-329.98126220703125,"y":-1211.06591796875},"visible_rect":{"max":{"x":4470.1875,"y":-7250.6591796875},"min":{"x":-3299.8125,"y":-12110.6591796875}},"zoom":0.100000001490116119}}