{"nodes":{"node:1":{"location":{"x":0,"y":0}}},"selection":null,"view":{"scroll":{"x":-189.514572143554688,"y":0},"visible_rect":{"max":{"x":15023.9990234375,"y":309},"min":{"x":-14640.0009765625,"y":0}},"zoom":0.0129449842497706413}}