{"nodes":{"node:1":{"location":{"x":21,"y":62}}},"selection":["node:1"],"view":{"scroll":{"x":2021.7442626953125,"y":-28494.388671875},"visible_rect":{"max":{"x":928.2481689453125,"y":-9391.130859375},"min":{"x":673.91485595703125,"y":-9498.130859375}},"zoom":2.9999995231628418}}